--DML INSERT TABLE--
INSERT INTO MsStaff VALUES
('JCN-S4281', 'Okta Gunawan','Male' ,'okta455@gmail.com', '2002/09/18', '082155649985', '78 Boulevard BSD', 9000000),
('JCN-S4282', 'Valentinus Arya','Male' ,'tinus.arya@gmail.com', '2004/12/29', '087866952235', '98 Kutilang Raya', 4900000 ),
('JCN-S4283', 'Jovita Sunjoyo','Female' ,'jovv.56@yandex.com', '2000/10/02', '085655283389', '137 Meruya Ilir', 18525000 ),
('JCN-S4284', 'Nathanael Noya','Male' ,'nael123@yahoo.com', '2005/01/25', '085644982235', '56 Kebon Kacang', 15500000 ),
('JCN-S4285', 'Ajeng Astuti','Female' ,'ajenggtut@yahoo.com', '2005/08/29', '089055632237', '09 Sutomo Garden', 19500000 ),
('JCN-S4286', 'Raisa Ardani','Female' ,'sasa467@gmail.com', '2002/02/16', '087899654423', '590 Pasific Place', 12300000),
('JCN-S4287', 'Budi Karyono','Male' ,'budkar87@yahoo.com', '2002/11/30', '082133569984', '89 Permasi Street', 8900000 ),
('JCN-S4288', 'Amanda Galuh','Female' ,'galuhda@gmail.com', '2006/03/10', '082566589946', '20 Permata Hijau', 4000000 ),
('JCN-S4289', 'Tomi Karya','Male' ,'tomskar@gmail.com', '1998/09/15', '087899083452', '10 Anggrek Rosaliana', 7000000 ),
('JCN-S4290', 'Haryanto Kusno','Male' ,'kusno288@gmail.com', '1990/05/17', '082255681164', '678 Pesanggrahan Utara', 12000000 ),
('JCN-S4291', 'Santika Putri','Female' ,'puput@yahoo.com', '2001/07/19', '087855642235', '231 Sudirman Street', 11500000 ),
('JCN-S4292', 'Jeremy Toruan','Male' ,'torujer@yandex.com', '1987/12/12', '082155645569', '34 Puri Beta', 17500000 ),
('JCN-S4293', 'Darlene Adventia','Female' ,'darlenev@yandex.com', '2004/10/30', '087866246651', '109 Menteng Raya', 9050000 ),
('JCN-S4294', 'Felix Tandu','Male' ,'lixtandu@yandex.com', '2001/01/23', '088955642235', '23 Sutomo Raya', 5600000 ),
('JCN-S4295', 'Wilson Nerbert','Male' ,'sonn@gmail.com', '2007/11/12', '085622312247', '89 Grand Hyatt', 14500000 )

INSERT INTO MSCustomer VALUES
('JCN-C3111', 'Michael Cannavaro', 'Male','mccat@yahoo.com', '2003/09/28', '085297896547','19 Djarum Street'),
('JCN-C3122', 'Reinhard Chris', 'Male','chris11@gmail.com', '2003/07/08', '089674569900', '48 Jelambar Street'),
('JCN-C3133', 'Desika Salina', 'Female','dessal17@gmail.com', '2005/08/17', '081768975432', '77 Pluit Street'),
('JCN-C3144', 'Jesslyn Hadinata', 'Female','pelangiloyo@gmail.com', '2001/11/01', '087654321891', '99 Kebon Jeruk'),
('JCN-C3155', 'Marcelino', 'Male','cellgg@gmail.com', '2004/01/01', '089654378921', '01 Pancoran Street'),
('JCN-C3266', 'Oktavianus', 'Male','okt@yahoo.com', '2004/10/10', '081256781234', '18 Kebon Kacang'),
('JCN-C3277', 'Stephanie Doro', 'Female','doorr@gmail.com', '2004/01/10', '082345678956', '21 Cikarang Street'),
('JCN-C3288', 'Samuel', 'Male','sammm440@yahoo.com', '2004/09/13', '089767851216', '99 Tanjung Duren'),
('JCN-C3299', 'Margono Basri', 'Male','gonnn19@yahoo.com', '2004/12/31', '089656453215', '12 Kota Baru'),
('JCN-C3200', 'Umi Siti', 'Female','umim@yahoo.com', '1987/06/17', '081264539078', '77 Parman Street'),
('JCN-C3201', 'Susan', 'Female','susannn13@yahoo.com', '1985/03/13', '085390098778', '20 Sudirman Street'),
('JCN-C4202', 'Santi', 'Female','santi@yahoo.com', '1983/04/02', '089678874521', '90 Hangtuah Street'),
('JCN-C3203', 'Cinta Aulia', 'Female','cinaul18@gmail.com', '1990/03/13', '085190198578', '20 Meruya Street'),
('JCN-C3204', 'Akbar Dwi', 'Male','kbarwi@yahoo.com', '2001/01/01', '085267548795', '12 Rawa Belong'),
('JCN-C3205', 'Dinda', 'Female','dindaaa@gmail.com', '1999/04/29', '085345218671', '01 Puri Kembangan')

INSERT INTO MsMemory VALUES 
('JCN-M3111','DDR4', 'A7b9F2G1H4J8K3L',500000,1874,8),
('JCN-M3112','LPDDR3', 'R6t2G9H1J3K5L7M', 800000,4325, 32),
('JCN-M3113','GDDR6', 'D4h8P2Q6R1S5T9U', 1200000,2574,128),
('JCN-M4114','HBM2', 'L9m5Q4W2E7R3T1Y', 650000,1985,32),
('JCN-M3115','XDR', 'X3v6Y2U8I4O9P7Z', 900000,4126,64),
('JCN-M4216','RDRAM', 'J1k4T3H7N5M2L6O', 1100000,3498,128),
('JCN-M3117','DDR3L', 'E9s3N1M6K4J7H2I', 750000, 4732,32),
('JCN-M5118','DDR5', 'G2w7M4L5K8J1I9O', 950000, 3189, 32),
('JCN-M5219','LPDDR4X','C6p3S7D1F5G9H4J',1300000,4267,256),
('JCN-M3221','GDDR5X','R2z9F6C8B4N7M1K', 850000,3771,16),
('JCN-M6222','HBM3','V8b5H6N3M2L1K9O',70000, 2850, 16),
('JCN-M6123','XRAM','K7d3L9O2P4I6U5Y',1000000,3946,128),
('JCN-M7124','DDR2','T4g7Q9W1E5R2T3U', 550000, 4512, 8),
('JCN-M7225','LPDDR5','W5n9E1R3T7U2I4O',1150000,3215,128),
('JCN-M3226','GDDR7','Z2j8U1I5O7P3Q6K',600000,2067, 32)

INSERT INTO MsProcessor VALUES
('JCN-P5201', 'Intel Core i7', '3A8B9D2C7F6E5G1H', 2500000, 1700, 2),
('JCN-P5202', 'AMD Ryzen 9', 'J4K9L6M2N8P3Q1R', 4300000, 2000, 4),
('JCN-P5203', 'Qualcomm Snapdragon 888', 'S5T2U7V1W9X4Y6Z', 6700000, 1800, 8),
('JCN-P5204', 'Apple M1', 'D9E6F2G7H1J5K3L', 3800000, 2100, 6),
('JCN-P5205', 'NVIDIA Tegra X1', 'M2N8P3Q1R5T2U7V', 9200000, 2600, 14),
('JCN-P5206', 'Samsung Exynos 990', '1W9X4Y6Z3A8B9D2', 5600000, 2200, 8),
('JCN-P5207', 'MediaTek Dimensity 1200', '7H1J5K3L6M2N8P3', 12100000, 2300, 20),
('JCN-P5208', 'IBM Power9', 'Q1R5T2U7V1W9X4Y', 7900000, 2500, 12),
('JCN-P5209', 'ARM Cortex-A78', '6Z3A8B9D2C7F6E5', 10500000, 2900, 10),
('JCN-P5210', 'AMD EPYC 7003', 'G7H1J5K3L6M2N8P', 1700000, 1900, 16),
('JCN-P5211', 'Intel Xeon Scalable', '3Q1R5T2U7V1W9X4', 14300000, 2700, 22),
('JCN-P5212', 'Qualcomm Snapdragon 865', 'Y6Z3A8B9D2C7F6E', 8600000, 2800, 24),
('JCN-P5213', 'Apple A14 Bionic', '5G1H3J5K3L6M2N8', 11800000, 2400, 3),
('JCN-P5214', 'NVIDIA Ampere GA102', 'P3Q1R5T2U7V1W9X', 13900000, 3100, 11),
('JCN-P5215', 'Samsung Exynos 2100', '4Y6Z3A8B9D2C7F6', 15000000, 3300, 11)

INSERT INTO MsLocation VALUES
('JCN-L7131', 'Tokyo', 'Jepang', '8190436572', -6.237489, 106.829475),
('JCN-L7132', 'Kyoto', 'Jepang', '5261743908', 2.836475, -73.621890),
('JCN-L7133', 'Jakarta', 'Indonesia', '9305827164', 15.987365, 2.374869),
('JCN-L7134', 'Cheongju', 'Korea Selatan', '6479830251', -10.568923, 99.456723),
('JCN-L7135', 'Hangzhou', 'China', '2150647398', 25.476831, -45.876543),
('JCN-L7136', 'Delhi', 'India', '3704159826', 8.193746, 85.235678),
('JCN-L7137', 'Semarang', 'Indonesia', '8265347109', -13.657429, -112.456789),
('JCN-L7138', 'Yokohama', 'Jepang', '1098754326', 19.345678, 117.658423),
('JCN-L7139', 'Makassar', 'Indonesia', '4329067815', -4.908723, -64.903827),
('JCN-L7140', 'Wuhan', 'China', '6172980354', 12.536497, 13.459287),
('JCN-L7141', 'Pekanbaru', 'Indonesia', '9453821760', -9.654321, -8.765432),
('JCN-L7142', 'Singkawang', 'Indonesia', '1763490582', 22.347890, 121.357906),
('JCN-L7143', 'Seoul', 'Korea Selatan', '5038769241', 5.678901, -0.678912),
('JCN-L7144', 'Shanghai', 'China', '3926410857', -18.325467, 59.234567),
('JCN-L7145', 'Busan', 'Korea Selatan', '7582091436', 17.908724, -73.124578)

INSERT INTO MsServer VALUES
('JCN-V5121','JCN-M3111','JCN-P5201','JCN-L7131',48050000),
('JCN-V5122','JCN-M3112','JCN-P5202','JCN-L7132',48650000),
('JCN-V5123','JCN-M3113','JCN-P5203','JCN-L7133',50860000),
('JCN-V5124','JCN-M3115','JCN-P5204','JCN-L7134',48380000),
('JCN-V5125','JCN-M3117','JCN-P5205','JCN-L7135',48078000),
('JCN-V5126','JCN-M3221','JCN-P5206','JCN-L7136',52300000),
('JCN-V5127','JCN-M3226','JCN-P5207','JCN-L7137',51600000),
('JCN-V5128','JCN-M4114','JCN-P5208','JCN-L7138',49850000),
('JCN-V5129','JCN-M4216','JCN-P5209','JCN-L7139',49740000),
('JCN-V5130','JCN-M5118','JCN-P5210','JCN-L7140',48740000),
('JCN-V5131','JCN-M5219','JCN-P5211','JCN-L7141',50650000),
('JCN-V5132','JCN-M6123','JCN-P5212','JCN-L7142',48180000),
('JCN-V5133','JCN-M6222','JCN-P5213','JCN-L7143',48390000),
('JCN-V5134','JCN-M7124','JCN-P5214','JCN-L7144',49350000),
('JCN-V5135','JCN-M7225','JCN-P5215','JCN-L7145',51300000)

INSERT INTO SalesTransactionHeader VALUES
('JCN-S1101','JCN-S4281','JCN-C3111','2014/02/15'),
('JCN-S1102','JCN-S4282','JCN-C3122','2014/02/23'),
('JCN-S1103','JCN-S4283','JCN-C3133','2014/09/30'),
('JCN-S1104','JCN-S4284','JCN-C3144','2015/01/31'),
('JCN-S1105','JCN-S4285','JCN-C3155','2015/02/26'),
('JCN-S1106','JCN-S4286','JCN-C3200','2015/11/18'),
('JCN-S1107','JCN-S4287','JCN-C3201','2016/04/29'),
('JCN-S1108','JCN-S4288','JCN-C3203','2016/06/30'),
('JCN-S1109','JCN-S4289','JCN-C3204','2016/11/12'),
('JCN-S1110','JCN-S4290','JCN-C3205','2016/12/03'),
('JCN-S1111','JCN-S4291','JCN-C3266','2018/01/14'),
('JCN-S1112','JCN-S4292','JCN-C3277','2018/07/12'),
('JCN-S1113','JCN-S4293','JCN-C3288','2019/03/19'),
('JCN-S1114','JCN-S4294','JCN-C3299','2019/10/11'),
('JCN-S1115','JCN-S4295','JCN-C4202','2020/04/22'),
('JCN-S1116','JCN-S4290','JCN-C3266','2020/07/30'),
('JCN-S1117','JCN-S4288','JCN-C3144','2021/06/15'),
('JCN-S1118','JCN-S4284','JCN-C3201','2021/12/23'),
('JCN-S1119','JCN-S4293','JCN-C3155','2022/01/02'),
('JCN-S1120','JCN-S4289','JCN-C3200','2022/08/25')

INSERT INTO SalesTransactionDetail VALUES
('JCN-S1101','JCN-V5124'),
('JCN-S1102','JCN-V5123'),
('JCN-S1104','JCN-V5122'),
('JCN-S1113','JCN-V5126'),
('JCN-S1106','JCN-V5127'),
('JCN-S1118','JCN-V5123'),
('JCN-S1105','JCN-V5122'),
('JCN-S1120','JCN-V5132'),
('JCN-S1106','JCN-V5131'),
('JCN-S1115','JCN-V5126'),
('JCN-S1117','JCN-V5135'),
('JCN-S1105','JCN-V5130'),
('JCN-S1110','JCN-V5125'),
('JCN-S1118','JCN-V5131'),
('JCN-S1104','JCN-V5135'),
('JCN-S1119','JCN-V5134'),
('JCN-S1108','JCN-V5128'),
('JCN-S1106','JCN-V5132'),
('JCN-S1111','JCN-V5124'),
('JCN-S1107','JCN-V5127'),
('JCN-S1104','JCN-V5134'),
('JCN-S1111','JCN-V5127'),
('JCN-S1102','JCN-V5130'),
('JCN-S1114','JCN-V5129'),
('JCN-S1101','JCN-V5122'),
('JCN-S1103','JCN-V5124'),
('JCN-S1117','JCN-V5128'),
('JCN-S1116','JCN-V5125'),
('JCN-S1107','JCN-V5126'),
('JCN-S1108','JCN-V5129')

INSERT INTO RentalTransactionHeader VALUES
('JCN-R0231','JCN-S4283','JCN-C3200','2013/07/24'),
('JCN-R0232','JCN-S4281','JCN-C3155','2013/07/30'),
('JCN-R0233','JCN-S4292','JCN-C3133','2014/12/25'),
('JCN-R0234','JCN-S4294','JCN-C3201','2015/01/16'),
('JCN-R0235','JCN-S4287','JCN-C3266','2015/04/19'),
('JCN-R0236','JCN-S4284','JCN-C3111','2015/05/12'),
('JCN-R0237','JCN-S4286','JCN-C3299','2015/08/29'),
('JCN-R0238','JCN-S4283','JCN-C3266','2016/02/10'),
('JCN-R0239','JCN-S4288','JCN-C3122','2016/05/23'),
('JCN-R0240','JCN-S4285','JCN-C3205','2016/07/01'),
('JCN-R0241','JCN-S4281','JCN-C3288','2016/09/06'),
('JCN-R0242','JCN-S4291','JCN-C3203','2017/02/01'),
('JCN-R0243','JCN-S4289','JCN-C3266','2017/02/19'),
('JCN-R0244','JCN-S4295','JCN-C3144','2017/06/12'),
('JCN-R0245','JCN-S4282','JCN-C3277','2017/08/18'),
('JCN-R0246','JCN-S4285','JCN-C4202','2017/10/24'),
('JCN-R0247','JCN-S4282','JCN-C3204','2018/03/29'),
('JCN-R0248','JCN-S4291','JCN-C3299','2020/11/16'),
('JCN-R0249','JCN-S4284','JCN-C4202','2021/12/18'),
('JCN-R0250','JCN-S4282','JCN-C3205','2022/01/15')

INSERT INTO RentalTransactionDetail VALUES
('JCN-R0231','JCN-V5121','10'),
('JCN-R0231','JCN-V5122','18'),
('JCN-R0232','JCN-V5121','08'),
('JCN-R0233','JCN-V5123','05'),
('JCN-R0234','JCN-V5124','14'),
('JCN-R0235','JCN-V5126','11'),
('JCN-R0240','JCN-V5123','02'),
('JCN-R0241','JCN-V5125','14'),
('JCN-R0242','JCN-V5124','16'),
('JCN-R0235','JCN-V5127','36'),
('JCN-R0243','JCN-V5128','12'),
('JCN-R0245','JCN-V5129','16'),
('JCN-R0246','JCN-V5131','22'),
('JCN-R0248','JCN-V5130','20'),
('JCN-R0247','JCN-V5126','32'),
('JCN-R0240','JCN-V5132','15'),
('JCN-R0235','JCN-V5125','06'),
('JCN-R0245','JCN-V5133','12'),
('JCN-R0239','JCN-V5132','40'),
('JCN-R0241','JCN-V5129','48'),
('JCN-R0233','JCN-V5127','14'),
('JCN-R0238','JCN-V5131','25'),
('JCN-R0249','JCN-V5130','60'),
('JCN-R0247','JCN-V5134','45'),
('JCN-R0250','JCN-V5135','03'),
('JCN-R0234','JCN-V5134','19'),
('JCN-R0242','JCN-V5126','05'),
('JCN-R0232','JCN-V5131','28'),
('JCN-R0236','JCN-V5135','22'),
('JCN-R0243','JCN-V5133','10')
